"","text","favorited","favoriteCount","replyToSN","created","truncated","replyToSID","id","replyToUID","statusSource","screenName","retweetCount","isRetweet","retweeted","longitude","latitude"
"1","RT @Georgemungez: #SupremeCourtDecides Everyone today defines justice differently, because we think our candidate should have won.. Let Ken…",FALSE,0,NA,2017-09-01 06:36:21,FALSE,NA,"903506796932988928",NA,"<a href=""http://twitter.com/download/android"" rel=""nofollow"">Twitter for Android</a>","Mcyna",65,TRUE,FALSE,NA,NA
"2","RT @NASA_Ke: Today as #SupremeCourtDecides, we hope they do what's right for Kenya NOW &amp; in the future. Elections MUST alwys count. #Nullif…",FALSE,0,NA,2017-09-01 06:36:19,FALSE,NA,"903506789056077824",NA,"<a href=""http://twitter.com/download/android"" rel=""nofollow"">Twitter for Android</a>","Kivelenge1",80,TRUE,FALSE,NA,NA
"3","#SupremeCourtDecides I appeal to my luo brothers, remember these politicians whether it is Uhuru or Odinga do not put a meal on the table",FALSE,0,NA,2017-09-01 06:36:18,FALSE,NA,"903506786308820992",NA,"<a href=""http://twitter.com/download/android"" rel=""nofollow"">Twitter for Android</a>","jese1900",0,FALSE,FALSE,NA,NA
"4","#SupremeCourtDecides
Turning and turning in the widening gyre;The falcon cannot hear the falconer;Things Fall Apart; the centre cannot hold",FALSE,0,NA,2017-09-01 06:36:15,FALSE,NA,"903506770382991360",NA,"<a href=""https://mobile.twitter.com"" rel=""nofollow"">Twitter Lite</a>","ObwareKevin",0,FALSE,FALSE,NA,NA
"5","RT @AmakanjiThomas: #SupremeCourtDecides for the last time in a  presidential elections before we secede in peace!I want to be part of the…",FALSE,0,NA,2017-09-01 06:36:07,FALSE,NA,"903506738665705472",NA,"<a href=""https://mobile.twitter.com"" rel=""nofollow"">Twitter Lite</a>","OlalDennis",1,TRUE,FALSE,NA,NA
"6","RT @Nana_kwamboka: #SupremeCourtDecides 

Security beefed up ahead of Supreme Court judgment on NASA presidential election petition. https:…",FALSE,0,NA,2017-09-01 06:36:07,FALSE,NA,"903506736606302208",NA,"<a href=""http://twitter.com/download/android"" rel=""nofollow"">Twitter for Android</a>","PaulOgega6",1,TRUE,FALSE,NA,NA
"7","Are you still wondering why Gado was fired by Nation?

#SupremeCourtDecides https://t.co/Z3jLB2GRMf",FALSE,0,NA,2017-09-01 06:36:04,FALSE,NA,"903506727584325632",NA,"<a href=""http://twitter.com/download/android"" rel=""nofollow"">Twitter for Android</a>","_ItsEDUH",0,FALSE,FALSE,NA,NA
"8","#SupremeCourtDecides What if the ruling favours Raila and we have election then Uhuru wins again.Then Raila goes back to court what happens?",FALSE,0,NA,2017-09-01 06:36:04,FALSE,NA,"903506725948542977",NA,"<a href=""http://twitter.com/download/android"" rel=""nofollow"">Twitter for Android</a>","MitiraNehemia",0,FALSE,FALSE,NA,NA
"9","Make it a noble decision or just let us be. Punda amechoka #SupremeCourtDecides",FALSE,0,NA,2017-09-01 06:35:56,FALSE,NA,"903506693136449537",NA,"<a href=""http://twitter.com/download/android"" rel=""nofollow"">Twitter for Android</a>","ajanjaot",0,FALSE,FALSE,NA,NA
"10","RT @NCIC_Kenya: We urge Kenyans to remain calm and embrace peace @inwanyoike @Ole_Kaparo1 @Nwamocha @KibetBenard_  #SupremeCourtDecides #Nc…",FALSE,0,NA,2017-09-01 06:35:52,FALSE,NA,"903506675490988033",NA,"<a href=""https://about.twitter.com/products/tweetdeck"" rel=""nofollow"">TweetDeck</a>","ItsChinua",98,TRUE,FALSE,NA,NA
"11","RT @NCIC_Kenya: We urge Kenyans to remain calm and embrace peace @inwanyoike @Ole_Kaparo1 @Nwamocha @KibetBenard_  #SupremeCourtDecides #Nc…",FALSE,0,NA,2017-09-01 06:35:52,FALSE,NA,"903506675302326272",NA,"<a href=""https://about.twitter.com/products/tweetdeck"" rel=""nofollow"">TweetDeck</a>","MudavadiJnr",98,TRUE,FALSE,NA,NA
"12","RT @NCIC_Kenya: We urge Kenyans to remain calm and embrace peace @inwanyoike @Ole_Kaparo1 @Nwamocha @KibetBenard_  #SupremeCourtDecides #Nc…",FALSE,0,NA,2017-09-01 06:35:52,FALSE,NA,"903506675209994240",NA,"<a href=""https://about.twitter.com/products/tweetdeck"" rel=""nofollow"">TweetDeck</a>","choice20171",98,TRUE,FALSE,NA,NA
"13","RT @NCIC_Kenya: We urge Kenyans to remain calm and embrace peace @inwanyoike @Ole_Kaparo1 @Nwamocha @KibetBenard_  #SupremeCourtDecides #Nc…",FALSE,0,NA,2017-09-01 06:35:52,FALSE,NA,"903506675163910144",NA,"<a href=""https://about.twitter.com/products/tweetdeck"" rel=""nofollow"">TweetDeck</a>","ItsMeekMeal",98,TRUE,FALSE,NA,NA
"14","RT @NCIC_Kenya: We urge Kenyans to remain calm and embrace peace @inwanyoike @Ole_Kaparo1 @Nwamocha @KibetBenard_  #SupremeCourtDecides #Nc…",FALSE,0,NA,2017-09-01 06:35:52,FALSE,NA,"903506675155574784",NA,"<a href=""https://about.twitter.com/products/tweetdeck"" rel=""nofollow"">TweetDeck</a>","Itanasi2",98,TRUE,FALSE,NA,NA
"15","RT @NCIC_Kenya: We urge Kenyans to remain calm and embrace peace @inwanyoike @Ole_Kaparo1 @Nwamocha @KibetBenard_  #SupremeCourtDecides #Nc…",FALSE,0,NA,2017-09-01 06:35:52,FALSE,NA,"903506675155513345",NA,"<a href=""https://about.twitter.com/products/tweetdeck"" rel=""nofollow"">TweetDeck</a>","JohnsonSakaja2",98,TRUE,FALSE,NA,NA
"16","RT @NCIC_Kenya: We urge Kenyans to remain calm and embrace peace @inwanyoike @Ole_Kaparo1 @Nwamocha @KibetBenard_  #SupremeCourtDecides #Nc…",FALSE,0,NA,2017-09-01 06:35:52,FALSE,NA,"903506675151331328",NA,"<a href=""https://about.twitter.com/products/tweetdeck"" rel=""nofollow"">TweetDeck</a>","ItsWandathi",98,TRUE,FALSE,NA,NA
"17","RT @NCIC_Kenya: We urge Kenyans to remain calm and embrace peace @inwanyoike @Ole_Kaparo1 @Nwamocha @KibetBenard_  #SupremeCourtDecides #Nc…",FALSE,0,NA,2017-09-01 06:35:52,FALSE,NA,"903506675147173888",NA,"<a href=""https://about.twitter.com/products/tweetdeck"" rel=""nofollow"">TweetDeck</a>","haningt61549564",98,TRUE,FALSE,NA,NA
"18","RT @NCIC_Kenya: We urge Kenyans to remain calm and embrace peace @inwanyoike @Ole_Kaparo1 @Nwamocha @KibetBenard_  #SupremeCourtDecides #Nc…",FALSE,0,NA,2017-09-01 06:35:52,FALSE,NA,"903506675142938624",NA,"<a href=""https://about.twitter.com/products/tweetdeck"" rel=""nofollow"">TweetDeck</a>","JamesWeru11",98,TRUE,FALSE,NA,NA
"19","RT @NCIC_Kenya: We urge Kenyans to remain calm and embrace peace @inwanyoike @Ole_Kaparo1 @Nwamocha @KibetBenard_  #SupremeCourtDecides #Nc…",FALSE,0,NA,2017-09-01 06:35:52,FALSE,NA,"903506675126153216",NA,"<a href=""https://about.twitter.com/products/tweetdeck"" rel=""nofollow"">TweetDeck</a>","cheget1",98,TRUE,FALSE,NA,NA
"20","RT @NCIC_Kenya: We urge Kenyans to remain calm and embrace peace @inwanyoike @Ole_Kaparo1 @Nwamocha @KibetBenard_  #SupremeCourtDecides #Nc…",FALSE,0,NA,2017-09-01 06:35:52,FALSE,NA,"903506675109416961",NA,"<a href=""https://about.twitter.com/products/tweetdeck"" rel=""nofollow"">TweetDeck</a>","karuri43828362",98,TRUE,FALSE,NA,NA
"21","RT @NCIC_Kenya: We urge Kenyans to remain calm and embrace peace @inwanyoike @Ole_Kaparo1 @Nwamocha @KibetBenard_  #SupremeCourtDecides #Nc…",FALSE,0,NA,2017-09-01 06:35:52,FALSE,NA,"903506675025436672",NA,"<a href=""https://about.twitter.com/products/tweetdeck"" rel=""nofollow"">TweetDeck</a>","MathayoJoho",98,TRUE,FALSE,NA,NA
"22","RT @NCIC_Kenya: We urge Kenyans to remain calm and embrace peace @inwanyoike @Ole_Kaparo1 @Nwamocha @KibetBenard_  #SupremeCourtDecides #Nc…",FALSE,0,NA,2017-09-01 06:35:52,FALSE,NA,"903506675017146368",NA,"<a href=""https://about.twitter.com/products/tweetdeck"" rel=""nofollow"">TweetDeck</a>","Ess_Kimani",98,TRUE,FALSE,NA,NA
"23","RT @NCIC_Kenya: We urge Kenyans to remain calm and embrace peace @inwanyoike @Ole_Kaparo1 @Nwamocha @KibetBenard_  #SupremeCourtDecides #Nc…",FALSE,0,NA,2017-09-01 06:35:52,FALSE,NA,"903506674941616128",NA,"<a href=""https://about.twitter.com/products/tweetdeck"" rel=""nofollow"">TweetDeck</a>","ChumbaRock",98,TRUE,FALSE,NA,NA
"24","RT @NCIC_Kenya: We urge Kenyans to remain calm and embrace peace @inwanyoike @Ole_Kaparo1 @Nwamocha @KibetBenard_  #SupremeCourtDecides #Nc…",FALSE,0,NA,2017-09-01 06:35:52,FALSE,NA,"903506674933227524",NA,"<a href=""https://about.twitter.com/products/tweetdeck"" rel=""nofollow"">TweetDeck</a>","EnockSikulia",98,TRUE,FALSE,NA,NA
"25","RT @NCIC_Kenya: We urge Kenyans to remain calm and embrace peace @inwanyoike @Ole_Kaparo1 @Nwamocha @KibetBenard_  #SupremeCourtDecides #Nc…",FALSE,0,NA,2017-09-01 06:35:52,FALSE,NA,"903506674929065985",NA,"<a href=""https://about.twitter.com/products/tweetdeck"" rel=""nofollow"">TweetDeck</a>","mca_tricky",98,TRUE,FALSE,NA,NA
"26","RT @NCIC_Kenya: We urge Kenyans to remain calm and embrace peace @inwanyoike @Ole_Kaparo1 @Nwamocha @KibetBenard_  #SupremeCourtDecides #Nc…",FALSE,0,NA,2017-09-01 06:35:52,FALSE,NA,"903506674924879872",NA,"<a href=""https://about.twitter.com/products/tweetdeck"" rel=""nofollow"">TweetDeck</a>","lukuchiuku",98,TRUE,FALSE,NA,NA
"27","RT @NCIC_Kenya: We urge Kenyans to remain calm and embrace peace @inwanyoike @Ole_Kaparo1 @Nwamocha @KibetBenard_  #SupremeCourtDecides #Nc…",FALSE,0,NA,2017-09-01 06:35:52,FALSE,NA,"903506674920681472",NA,"<a href=""https://about.twitter.com/products/tweetdeck"" rel=""nofollow"">TweetDeck</a>","Cpendangiujinga",98,TRUE,FALSE,NA,NA
"28","RT @NCIC_Kenya: We urge Kenyans to remain calm and embrace peace @inwanyoike @Ole_Kaparo1 @Nwamocha @KibetBenard_  #SupremeCourtDecides #Nc…",FALSE,0,NA,2017-09-01 06:35:52,FALSE,NA,"903506674920677377",NA,"<a href=""https://about.twitter.com/products/tweetdeck"" rel=""nofollow"">TweetDeck</a>","ERinturi",98,TRUE,FALSE,NA,NA
"29","RT @NCIC_Kenya: We urge Kenyans to remain calm and embrace peace @inwanyoike @Ole_Kaparo1 @Nwamocha @KibetBenard_  #SupremeCourtDecides #Nc…",FALSE,0,NA,2017-09-01 06:35:52,FALSE,NA,"903506674920677376",NA,"<a href=""https://about.twitter.com/products/tweetdeck"" rel=""nofollow"">TweetDeck</a>","AfriBlackMamba",98,TRUE,FALSE,NA,NA
"30","RT @NCIC_Kenya: We urge Kenyans to remain calm and embrace peace @inwanyoike @Ole_Kaparo1 @Nwamocha @KibetBenard_  #SupremeCourtDecides #Nc…",FALSE,0,NA,2017-09-01 06:35:52,FALSE,NA,"903506674912301056",NA,"<a href=""https://about.twitter.com/products/tweetdeck"" rel=""nofollow"">TweetDeck</a>","likiundu",98,TRUE,FALSE,NA,NA
"31","RT @NCIC_Kenya: We urge Kenyans to remain calm and embrace peace @inwanyoike @Ole_Kaparo1 @Nwamocha @KibetBenard_  #SupremeCourtDecides #Nc…",FALSE,0,NA,2017-09-01 06:35:52,FALSE,NA,"903506674912296961",NA,"<a href=""https://about.twitter.com/products/tweetdeck"" rel=""nofollow"">TweetDeck</a>","Dylan_ynat",98,TRUE,FALSE,NA,NA
"32","RT @NCIC_Kenya: We urge Kenyans to remain calm and embrace peace @inwanyoike @Ole_Kaparo1 @Nwamocha @KibetBenard_  #SupremeCourtDecides #Nc…",FALSE,0,NA,2017-09-01 06:35:52,FALSE,NA,"903506674912288768",NA,"<a href=""https://about.twitter.com/products/tweetdeck"" rel=""nofollow"">TweetDeck</a>","kiprop29524708",98,TRUE,FALSE,NA,NA
"33","RT @NCIC_Kenya: We urge Kenyans to remain calm and embrace peace @inwanyoike @Ole_Kaparo1 @Nwamocha @KibetBenard_  #SupremeCourtDecides #Nc…",FALSE,0,NA,2017-09-01 06:35:52,FALSE,NA,"903506674706735105",NA,"<a href=""https://about.twitter.com/products/tweetdeck"" rel=""nofollow"">TweetDeck</a>","Mirichia1",98,TRUE,FALSE,NA,NA
"34","RT @NCIC_Kenya: We urge Kenyans to remain calm and embrace peace @inwanyoike @Ole_Kaparo1 @Nwamocha @KibetBenard_  #SupremeCourtDecides #Nc…",FALSE,0,NA,2017-09-01 06:35:52,FALSE,NA,"903506674652237824",NA,"<a href=""https://about.twitter.com/products/tweetdeck"" rel=""nofollow"">TweetDeck</a>","kitilit3",98,TRUE,FALSE,NA,NA
"35","RT @NCIC_Kenya: We urge Kenyans to remain calm and embrace peace @inwanyoike @Ole_Kaparo1 @Nwamocha @KibetBenard_  #SupremeCourtDecides #Nc…",FALSE,0,NA,2017-09-01 06:35:52,FALSE,NA,"903506674643849216",NA,"<a href=""https://about.twitter.com/products/tweetdeck"" rel=""nofollow"">TweetDeck</a>","msodoro",98,TRUE,FALSE,NA,NA
"36","RT @NCIC_Kenya: We urge Kenyans to remain calm and embrace peace @inwanyoike @Ole_Kaparo1 @Nwamocha @KibetBenard_  #SupremeCourtDecides #Nc…",FALSE,0,NA,2017-09-01 06:35:52,FALSE,NA,"903506674635481088",NA,"<a href=""https://about.twitter.com/products/tweetdeck"" rel=""nofollow"">TweetDeck</a>","nkumbuko",98,TRUE,FALSE,NA,NA
"37","RT @NCIC_Kenya: We urge Kenyans to remain calm and embrace peace @inwanyoike @Ole_Kaparo1 @Nwamocha @KibetBenard_  #SupremeCourtDecides #Nc…",FALSE,0,NA,2017-09-01 06:35:52,FALSE,NA,"903506674614493184",NA,"<a href=""https://about.twitter.com/products/tweetdeck"" rel=""nofollow"">TweetDeck</a>","ForensicScienc3",98,TRUE,FALSE,NA,NA
"38","RT @NCIC_Kenya: We urge Kenyans to remain calm and embrace peace @inwanyoike @Ole_Kaparo1 @Nwamocha @KibetBenard_  #SupremeCourtDecides #Nc…",FALSE,0,NA,2017-09-01 06:35:52,FALSE,NA,"903506674610311168",NA,"<a href=""https://about.twitter.com/products/tweetdeck"" rel=""nofollow"">TweetDeck</a>","mengich_julius",98,TRUE,FALSE,NA,NA
"39","RT @NCIC_Kenya: We urge Kenyans to remain calm and embrace peace @inwanyoike @Ole_Kaparo1 @Nwamocha @KibetBenard_  #SupremeCourtDecides #Nc…",FALSE,0,NA,2017-09-01 06:35:52,FALSE,NA,"903506674610294786",NA,"<a href=""https://about.twitter.com/products/tweetdeck"" rel=""nofollow"">TweetDeck</a>","mtoto_wa_mca",98,TRUE,FALSE,NA,NA
"40","RT @NCIC_Kenya: We urge Kenyans to remain calm and embrace peace @inwanyoike @Ole_Kaparo1 @Nwamocha @KibetBenard_  #SupremeCourtDecides #Nc…",FALSE,0,NA,2017-09-01 06:35:52,FALSE,NA,"903506674505437184",NA,"<a href=""https://about.twitter.com/products/tweetdeck"" rel=""nofollow"">TweetDeck</a>","TeeJeiOjwang",98,TRUE,FALSE,NA,NA
"41","RT @NCIC_Kenya: We urge Kenyans to remain calm and embrace peace @inwanyoike @Ole_Kaparo1 @Nwamocha @KibetBenard_  #SupremeCourtDecides #Nc…",FALSE,0,NA,2017-09-01 06:35:52,FALSE,NA,"903506674497019908",NA,"<a href=""https://about.twitter.com/products/tweetdeck"" rel=""nofollow"">TweetDeck</a>","OldThug2",98,TRUE,FALSE,NA,NA
"42","RT @Georgemungez: #SupremeCourtDecides Everyone today defines justice differently, because we think our candidate should have won.. Let Ken…",FALSE,0,NA,2017-09-01 06:35:52,FALSE,NA,"903506673733685249",NA,"<a href=""https://mobile.twitter.com"" rel=""nofollow"">Mobile Web (M2)</a>","Charles82155624",65,TRUE,FALSE,NA,NA
"43","RT @NCIC_Kenya: We urge Kenyans to remain calm and embrace peace @inwanyoike @Ole_Kaparo1 @Nwamocha @KibetBenard_  #SupremeCourtDecides #Nc…",FALSE,0,NA,2017-09-01 06:35:52,FALSE,NA,"903506673729458176",NA,"<a href=""https://about.twitter.com/products/tweetdeck"" rel=""nofollow"">TweetDeck</a>","SoiClement",98,TRUE,FALSE,NA,NA
"44","RT @NCIC_Kenya: We urge Kenyans to remain calm and embrace peace @inwanyoike @Ole_Kaparo1 @Nwamocha @KibetBenard_  #SupremeCourtDecides #Nc…",FALSE,0,NA,2017-09-01 06:35:52,FALSE,NA,"903506673683374081",NA,"<a href=""https://about.twitter.com/products/tweetdeck"" rel=""nofollow"">TweetDeck</a>","mulili_grammer",98,TRUE,FALSE,NA,NA
"45","RT @NCIC_Kenya: We urge Kenyans to remain calm and embrace peace @inwanyoike @Ole_Kaparo1 @Nwamocha @KibetBenard_  #SupremeCourtDecides #Nc…",FALSE,0,NA,2017-09-01 06:35:51,FALSE,NA,"903506673628786688",NA,"<a href=""https://about.twitter.com/products/tweetdeck"" rel=""nofollow"">TweetDeck</a>","smallwig_sacco",98,TRUE,FALSE,NA,NA
"46","RT @NCIC_Kenya: We urge Kenyans to remain calm and embrace peace @inwanyoike @Ole_Kaparo1 @Nwamocha @KibetBenard_  #SupremeCourtDecides #Nc…",FALSE,0,NA,2017-09-01 06:35:51,FALSE,NA,"903506673226186752",NA,"<a href=""https://about.twitter.com/products/tweetdeck"" rel=""nofollow"">TweetDeck</a>","Nkirote12",98,TRUE,FALSE,NA,NA
"47","RT @NCIC_Kenya: We urge Kenyans to remain calm and embrace peace @inwanyoike @Ole_Kaparo1 @Nwamocha @KibetBenard_  #SupremeCourtDecides #Nc…",FALSE,0,NA,2017-09-01 06:35:51,FALSE,NA,"903506673217785857",NA,"<a href=""https://about.twitter.com/products/tweetdeck"" rel=""nofollow"">TweetDeck</a>","mugenda3",98,TRUE,FALSE,NA,NA
"48","RT @NCIC_Kenya: We urge Kenyans to remain calm and embrace peace @inwanyoike @Ole_Kaparo1 @Nwamocha @KibetBenard_  #SupremeCourtDecides #Nc…",FALSE,0,NA,2017-09-01 06:35:51,FALSE,NA,"903506673196818436",NA,"<a href=""https://about.twitter.com/products/tweetdeck"" rel=""nofollow"">TweetDeck</a>","MurangaNoWanaTu",98,TRUE,FALSE,NA,NA
"49","RT @NCIC_Kenya: We urge Kenyans to remain calm and embrace peace @inwanyoike @Ole_Kaparo1 @Nwamocha @KibetBenard_  #SupremeCourtDecides #Nc…",FALSE,0,NA,2017-09-01 06:35:51,FALSE,NA,"903506673184231426",NA,"<a href=""https://about.twitter.com/products/tweetdeck"" rel=""nofollow"">TweetDeck</a>","tujenge_kenya",98,TRUE,FALSE,NA,NA
"50","RT @NCIC_Kenya: We urge Kenyans to remain calm and embrace peace @inwanyoike @Ole_Kaparo1 @Nwamocha @KibetBenard_  #SupremeCourtDecides #Nc…",FALSE,0,NA,2017-09-01 06:35:51,FALSE,NA,"903506673054224385",NA,"<a href=""https://about.twitter.com/products/tweetdeck"" rel=""nofollow"">TweetDeck</a>","xtiandela_train",98,TRUE,FALSE,NA,NA
"51","Scenes when #SupremeCourtDecides that this election was shambolic.",FALSE,0,NA,2017-09-01 06:35:50,FALSE,NA,"903506666095869952",NA,"<a href=""http://twitter.com/download/android"" rel=""nofollow"">Twitter for Android</a>","AraGaks",0,FALSE,FALSE,NA,NA
"52","RT @KOMBO_STEVE: #SupremeCourtDecides if the structures we had were functional.even court cases should have been an issue of the past. prob…",FALSE,0,NA,2017-09-01 06:35:37,FALSE,NA,"903506614342356992",NA,"<a href=""http://www.twitter.com"" rel=""nofollow"">Twitter for Windows Phone</a>","mil_amish",1,TRUE,FALSE,NA,NA
"53","RT @Wishfmradio: Judgement Day: #SupremeCourtDecides 
Today,Supreme Court under CJ David Maraga, in its decision, won't change Kenya, Kenya…",FALSE,0,NA,2017-09-01 06:35:36,FALSE,NA,"903506607077777408",NA,"<a href=""http://twitter.com/download/android"" rel=""nofollow"">Twitter for Android</a>","geomisati",1,TRUE,FALSE,NA,NA
"54","Let the peace prevail  no matter the Judgement #Supremecourtdecides",FALSE,0,NA,2017-09-01 06:35:34,FALSE,NA,"903506598873759744",NA,"<a href=""http://twitter.com/download/android"" rel=""nofollow"">Twitter for Android</a>","WeslyKym",0,FALSE,FALSE,NA,NA
"55","@Sammykauthar #SupremeCourtDecides jubilee is winning this  one.wait till 2022 to prosecute your case in the ballot again",FALSE,0,"Sammykauthar",2017-09-01 06:35:32,FALSE,"903465463526633472","903506591319805953","2706901306","<a href=""https://mobile.twitter.com"" rel=""nofollow"">Mobile Web (M2)</a>","ritoniax2fray",0,FALSE,FALSE,NA,NA
"56","ALGORITHM has recently been a very popular in Kenya...
https://t.co/y2vGwRw3DZ
#SupremeCourtDecides #IddUlAdha #MPsSwear #FeelGoodFriday",FALSE,0,NA,2017-09-01 06:35:29,FALSE,NA,"903506577298264064",NA,"<a href=""http://twitter.com/download/android"" rel=""nofollow"">Twitter for Android</a>","danchemologo",0,FALSE,FALSE,NA,NA
"57","As we wait for the #SupremeCourtDecides, remember that you are always individually responsible for how you act no matter how you feel.",FALSE,0,NA,2017-09-01 06:35:23,FALSE,NA,"903506554955161601",NA,"<a href=""http://twitter.com"" rel=""nofollow"">Twitter Web Client</a>","hmaranga",0,FALSE,FALSE,NA,NA
"58","As patriotic Kenyans we should remain peaceful even if the court judgment goes our way or nt #SupremeCourtDecides",FALSE,0,NA,2017-09-01 06:35:22,FALSE,NA,"903506551130001408",NA,"<a href=""https://mobile.twitter.com"" rel=""nofollow"">Mobile Web (M2)</a>","SigiraLamoh",0,FALSE,FALSE,NA,NA
"59","RT @DonKNVB: No matter who is the president of Kenya, Jesus is still the king.
Relax. 
#SupremeCourtDecides",FALSE,0,NA,2017-09-01 06:35:21,FALSE,NA,"903506545836687360",NA,"<a href=""http://twitter.com/download/android"" rel=""nofollow"">Twitter for Android</a>","MutethiaKigea",1,TRUE,FALSE,NA,NA
"60","RT @Yonsinyo: #SupremeCourtDecides our destiny,our children's future and our future too.",FALSE,0,NA,2017-09-01 06:35:20,FALSE,NA,"903506543211143168",NA,"<a href=""http://twitter.com/download/android"" rel=""nofollow"">Twitter for Android</a>","MamaTyfah",1,TRUE,FALSE,NA,NA
"61","If  #SupremeCourtDecides on another presidential election, Will we still trust IEBC to conduct a free fair election?",FALSE,0,NA,2017-09-01 06:35:20,FALSE,NA,"903506542556831744",NA,"<a href=""http://twitter.com/download/android"" rel=""nofollow"">Twitter for Android</a>","Daveson_binzari",0,FALSE,FALSE,NA,NA
"62","Once more congratulations on your reappointment RT.Hon. Raila Amolo Odinga and wish you all the best… https://t.co/BhsaX8dx53",FALSE,0,NA,2017-09-01 06:35:18,TRUE,NA,"903506531710357504",NA,"<a href=""http://twitter.com/download/android"" rel=""nofollow"">Twitter for Android</a>","kenyaisbetter",0,FALSE,FALSE,NA,NA
"63","What will you do if the ruling is the ""Other way Round""? #SupremeCourtDecides #PresidentialPetitionKe https://t.co/cjEXNUdgps",FALSE,0,NA,2017-09-01 06:35:17,FALSE,NA,"903506530611421184",NA,"<a href=""http://twitter.com"" rel=""nofollow"">Twitter Web Client</a>","martoduke",0,FALSE,FALSE,NA,NA
"64","After EVIDENCE presented by @CoalitionNASAKe I'm convinced @UKenyatta was NOT VALIDLY elected. Does'nt matter what #SupremeCourtDecides",FALSE,0,NA,2017-09-01 06:35:17,FALSE,NA,"903506528451395585",NA,"<a href=""http://twitter.com"" rel=""nofollow"">Twitter Web Client</a>","MrNyakoyo",0,FALSE,FALSE,NA,NA
"65","After Todays Ruling Kenya Will Never Be The Same Again.Positive Or Negative.
 Politics Will never Be The Same Again.

 #SupremeCourtDecides",FALSE,0,NA,2017-09-01 06:35:17,FALSE,NA,"903506527704756225",NA,"<a href=""http://twitter.com/download/android"" rel=""nofollow"">Twitter for Android</a>","YaMzalendo",0,FALSE,FALSE,NA,NA
"66","Well...we all know that whatever #SupremeCourtDecides today as the judgment, one party will still feel aggrieved.",FALSE,0,NA,2017-09-01 06:35:15,FALSE,NA,"903506521409146880",NA,"<a href=""http://twitter.com/download/android"" rel=""nofollow"">Twitter for Android</a>","DeejaySylar",0,FALSE,FALSE,NA,NA
"67","RT @millanouma: To my luo brothers and sisters protect yourselves.
This quote is for us..
#SupremeCourtDecides 
#LuoLivesmatter https://t.c…",FALSE,0,NA,2017-09-01 06:35:02,FALSE,NA,"903506464232308736",NA,"<a href=""https://mobile.twitter.com"" rel=""nofollow"">Twitter Lite</a>","OlalDennis",4,TRUE,FALSE,NA,NA
"68","We are one Kenya,one people.
#SupremeCourtDecides https://t.co/Fj8pyAKd0p",FALSE,0,NA,2017-09-01 06:35:00,FALSE,NA,"903506457110380544",NA,"<a href=""http://twitter.com"" rel=""nofollow"">Twitter Web Client</a>","_WilliamMwangi",0,FALSE,FALSE,NA,NA
"69","#SupremeCourtDecides...I have zero trust with judiciary system I expect nothing new...#SystemofCartels.",FALSE,0,NA,2017-09-01 06:34:57,FALSE,NA,"903506446394023936",NA,"<a href=""https://mobile.twitter.com"" rel=""nofollow"">Mobile Web (M2)</a>","Patrickkituku1",0,FALSE,FALSE,NA,NA
"70","With such heavy police deployment its obvious justice wil be denied once the #SupremeCourtDecides *Let uthamaki know that #LuoLivesmatter",FALSE,0,NA,2017-09-01 06:34:57,FALSE,NA,"903506446180110337",NA,"<a href=""http://twitter.com/download/android"" rel=""nofollow"">Twitter for Android</a>","AmakanjiThomas",0,FALSE,FALSE,NA,NA
"71","#SupremeCourtDecides If we the #Young #Population #continue to allow #Tribalism in #Kenya then our #Country has no #Future #LuoLivesmatter",FALSE,0,NA,2017-09-01 06:34:56,FALSE,NA,"903506441104961536",NA,"<a href=""https://mobile.twitter.com"" rel=""nofollow"">Twitter Lite</a>","kagodenis",0,FALSE,FALSE,NA,NA
"72","RT @citizentvkenya: Kenya’s presidential election court case: what you need to know https://t.co/n6Li6Bevek
#SupremeCourtDecides https://t.…",FALSE,0,NA,2017-09-01 06:34:52,FALSE,NA,"903506422952067073",NA,"<a href=""https://mobile.twitter.com"" rel=""nofollow"">Twitter Lite</a>","iam_bensonkibe",2,TRUE,FALSE,NA,NA
"73","Date with destiny 
<ed><U+00A0><U+00BD><ed><U+00B5><U+009A><ed><U+00A0><U+00BD><ed><U+00B4><U+0090> #SupremeCourtDecides",FALSE,0,NA,2017-09-01 06:34:51,FALSE,NA,"903506419898601472",NA,"<a href=""http://twitter.com/download/android"" rel=""nofollow"">Twitter for Android</a>","McSymon",0,FALSE,FALSE,NA,NA
"74","With Njoki Ndungu in this #SupremeCourtDecides Jubilee already knows the outcome.",FALSE,0,NA,2017-09-01 06:34:48,FALSE,NA,"903506409333170177",NA,"<a href=""http://twitter.com/download/iphone"" rel=""nofollow"">Twitter for iPhone</a>","VKapeen",0,FALSE,FALSE,NA,NA
"75","RT @LordTanui_: James Orengo: At the end of the day,the process is as important as the results. 
#SupremeCourtDecides",FALSE,0,NA,2017-09-01 06:34:33,FALSE,NA,"903506343537061888",NA,"<a href=""http://twitter.com/download/android"" rel=""nofollow"">Twitter for Android</a>","WanyonyiGeorge1",4,TRUE,FALSE,NA,NA
"76","What if the court orders a repeat then some bogus folks defy and swear Muthamaki tonight? #SupremeCourtDecides",FALSE,1,NA,2017-09-01 06:34:20,FALSE,NA,"903506290261024768",NA,"<a href=""http://twitter.com/download/android"" rel=""nofollow"">Twitter for Android</a>","CpaWaweru",0,FALSE,FALSE,NA,NA
"77","Justice begets Trust
Trust begets Unity
Unity begets Peace

#SupremeCourtDecides .",FALSE,0,NA,2017-09-01 06:34:16,FALSE,NA,"903506272758190080",NA,"<a href=""http://twitter.com/download/android"" rel=""nofollow"">Twitter for Android</a>","ItsOnyinkwa",0,FALSE,FALSE,NA,NA
"78","11am EAT may the will of the people of Kenya prevail. #SupremeCourtDecides",FALSE,0,NA,2017-09-01 06:34:14,FALSE,NA,"903506266634510336",NA,"<a href=""https://mobile.twitter.com"" rel=""nofollow"">Mobile Web (M2)</a>","jjwaziri",0,FALSE,FALSE,NA,NA
"79","RT @NASA_Ke: Today as #SupremeCourtDecides, we hope they do what's right for Kenya NOW &amp; in the future. Elections MUST alwys count. #Nullif…",FALSE,0,NA,2017-09-01 06:34:12,FALSE,NA,"903506256463351808",NA,"<a href=""http://twitter.com/download/android"" rel=""nofollow"">Twitter for Android</a>","PapiiKennyy",80,TRUE,FALSE,NA,NA
"80","Today, Supreme Court under CJ David Maraga, in its decision, will build our Country on a rock or sandy beaches #SupremeCourtDecides",FALSE,1,NA,2017-09-01 06:34:04,FALSE,NA,"903506222464237568",NA,"<a href=""http://twitter.com/download/android"" rel=""nofollow"">Twitter for Android</a>","Yonsinyo",0,FALSE,FALSE,NA,NA
"81","RT @NCIC_Kenya: We urge Kenyans to remain calm and embrace peace @inwanyoike @Ole_Kaparo1 @Nwamocha @KibetBenard_  #SupremeCourtDecides #Nc…",FALSE,0,NA,2017-09-01 06:34:00,FALSE,NA,"903506204382699520",NA,"<a href=""http://twitter.com/download/android"" rel=""nofollow"">Twitter for Android</a>","mabuka_jr",98,TRUE,FALSE,NA,NA
"82","RT @Caleb_Simba: The Supreme Court is set to choose between Democracy and Gorilla.  #SupremeCourtDecides",FALSE,0,NA,2017-09-01 06:33:59,FALSE,NA,"903506203845812225",NA,"<a href=""http://twitter.com/download/android"" rel=""nofollow"">Twitter for Android</a>","odanga23",2,TRUE,FALSE,NA,NA
"83","Who won muhoroni parliamentary seat #SupremeCourtDecides",FALSE,0,NA,2017-09-01 06:33:57,FALSE,NA,"903506194270216192",NA,"<a href=""http://twitter.com/download/android"" rel=""nofollow"">Twitter for Android</a>","JoeWiston",0,FALSE,FALSE,NA,NA
"84","The heavy presence of police on horses in town clearly tells you the bridge to Canaan is broken #SupremeCourtDecides",FALSE,0,NA,2017-09-01 06:33:57,FALSE,NA,"903506193322090498",NA,"<a href=""https://mobile.twitter.com"" rel=""nofollow"">Twitter Lite</a>","einonda",0,FALSE,FALSE,NA,NA
"85","Their servers are in japan. They're waiting for the admins to wake up at 11am. #SupremeCourtDecides",FALSE,0,NA,2017-09-01 06:33:49,FALSE,NA,"903506158044016642",NA,"<a href=""http://twitter.com/download/android"" rel=""nofollow"">Twitter for Android</a>","ambvann",0,FALSE,FALSE,NA,NA
"86","#SupremeCourtDecides i will refuse to be a Kenyan if this election is NOT nullified",FALSE,0,NA,2017-09-01 06:33:46,FALSE,NA,"903506147889618944",NA,"<a href=""http://twitter.com"" rel=""nofollow"">Twitter Web Client</a>","moodsthatbug",0,FALSE,FALSE,NA,NA
"87","Insider infor says its a bombshell #SupremeCourtDecides",FALSE,0,NA,2017-09-01 06:33:45,FALSE,NA,"903506144374779905",NA,"<a href=""http://twitter.com"" rel=""nofollow"">Twitter Web Client</a>","RoofasC",0,FALSE,FALSE,NA,NA
"88","#SupremeCourtDecides I have a feeling of nullification.",FALSE,0,NA,2017-09-01 06:33:43,FALSE,NA,"903506134677549056",NA,"<a href=""http://twitter.com/download/android"" rel=""nofollow"">Twitter for Android</a>","KagoiEric",0,FALSE,FALSE,NA,NA
"89","Matiang'i says he is likely to impose a curfew the whole country if we don't behave afterSupreme Decision..#SupremeCourtDecides",FALSE,0,NA,2017-09-01 06:33:42,FALSE,NA,"903506128914481152",NA,"<a href=""https://mobile.twitter.com"" rel=""nofollow"">Mobile Web (M2)</a>","BrianKibetTerer",0,FALSE,FALSE,NA,NA
"90","They can kill some of us some of the time but they can't kill all of us all of the time.  #LuoLivesmatter #SupremeCourtDecides",FALSE,0,NA,2017-09-01 06:33:39,FALSE,NA,"903506118906970112",NA,"<a href=""http://twitter.com"" rel=""nofollow"">Twitter Web Client</a>","okoth95",0,FALSE,FALSE,NA,NA
"91","#SupremeCourtDecides whatever they gonna decide its better to be united",FALSE,0,NA,2017-09-01 06:33:35,FALSE,NA,"903506101307572224",NA,"<a href=""http://twitter.com/download/android"" rel=""nofollow"">Twitter for Android</a>","dejacksonkaris",0,FALSE,FALSE,NA,NA
"92","RT @Georgemungez: #SupremeCourtDecides Everyone today defines justice differently, because we think our candidate should have won.. Let Ken…",FALSE,0,NA,2017-09-01 06:33:34,FALSE,NA,"903506095456620544",NA,"<a href=""http://twitter.com/download/android"" rel=""nofollow"">Twitter for Android</a>","boke_maurice",65,TRUE,FALSE,NA,NA
"93","RT @alexawiti: #SupremeCourtDecides. I can hear the crowd thundering to Pilate ""give us Barabbas"".",FALSE,0,NA,2017-09-01 06:33:33,FALSE,NA,"903506093275582464",NA,"<a href=""http://twitter.com/download/android"" rel=""nofollow"">Twitter for Android</a>","agong_george",27,TRUE,FALSE,NA,NA
"94","RT @JohnBosco_Juma: The time judgement is to be delivered has,predictable outcome.
At Night is always to prevent demos.
#SupremeCourtDecides",FALSE,0,NA,2017-09-01 06:33:33,FALSE,NA,"903506092415705088",NA,"<a href=""http://twitter.com/download/android"" rel=""nofollow"">Twitter for Android</a>","Hnyaosi",4,TRUE,FALSE,NA,NA
"95","RT @iam_jmeka: #SupremeCourtDecides
Fred Ngatia (30 years experience and has never lost a case).",FALSE,0,NA,2017-09-01 06:33:33,FALSE,NA,"903506090851258370",NA,"<a href=""http://twitter.com/download/android"" rel=""nofollow"">Twitter for Android</a>","ItsBrianKe",10,TRUE,FALSE,NA,NA
"96","Want to become a Freemason with @NairobiMasons @ymmit_int ?  #SupremeCourtDecides https://t.co/JBVWaPqzjV",FALSE,0,NA,2017-09-01 06:33:27,FALSE,NA,"903506066956312577",NA,"<a href=""http://twitter.com/download/android"" rel=""nofollow"">Twitter for Android</a>","YmmitCuea",0,FALSE,FALSE,NA,NA
"97","#SupremeCourtDecides @RailaOdinga retire by force today if you want to die for him go n loot in the name of the so called demonstration",FALSE,0,NA,2017-09-01 06:33:24,FALSE,NA,"903506055090642944",NA,"<a href=""http://twitter.com/download/android"" rel=""nofollow"">Twitter for Android</a>","ble1jo",0,FALSE,FALSE,NA,NA
"98","#SupremeCourtDecides
Peace and justice are two sides of the same coin.
maintain peace Kenyans",FALSE,0,NA,2017-09-01 06:33:23,FALSE,NA,"903506050367750145",NA,"<a href=""http://twitter.com"" rel=""nofollow"">Twitter Web Client</a>","tek_jones",0,FALSE,FALSE,NA,NA
"99","Well judging by the number of police everywhere... We dont need CJ maraga to issue the judgement.. We already know #SupremeCourtDecides",FALSE,0,NA,2017-09-01 06:33:21,FALSE,NA,"903506041517854721",NA,"<a href=""http://twitter.com/download/android"" rel=""nofollow"">Twitter for Android</a>","birdmanbanda",0,FALSE,FALSE,NA,NA
"100","RT @alexawiti: #SupremeCourtDecides. I can hear the crowd thundering to Pilate ""give us Barabbas"".",FALSE,0,NA,2017-09-01 06:33:20,FALSE,NA,"903506039089266688",NA,"<a href=""https://mobile.twitter.com"" rel=""nofollow"">Mobile Web (M2)</a>","willnyakundi",27,TRUE,FALSE,NA,NA
